{
  "drive": {
    "p": 0.28125,
    "i": 0.000009375,
    "d": 0.03,
    "f": 0,
    "iz": 0
  },
  "angle": {
    "p": 0.02125,
    "i": 0.000001,
    "d": 0.04,
    "f": 0,
    "iz": 0
  }
}
